seed,epochs,lr,avg_train_loss,train_accuracy,test_loss,test_accuracy
11,10,0.05,63.234420504849396,0.8090216754540129,0.001,0.756
33,10,0.05,123.24252822686663,0.8254247217340364,0.001,0.755
99,10,0.05,101.00296539708653,0.7844171060339777,0.001,0.766
297,10,0.05,45.80510359477568,0.8512009373169303,0.001,0.825
891,10,0.05,49.19438418605519,0.8166373755125952,0.001,0.801
11,20,0.05,9.029876073230714,0.9478617457527827,0.001,0.871
33,20,0.05,10.19744693283648,0.9431751611013474,0.001,0.871
99,20,0.05,11.000324564017777,0.9396602226127709,0.001,0.866
297,20,0.05,10.658334486887084,0.942589338019918,0.001,0.87
891,20,0.05,9.577872184016297,0.9496192149970709,0.001,0.875
11,1000,0.05,9.99443154831907e-07,1.0,0.001,0.869
33,1000,0.05,4.4497438555861915e-07,1.0,0.001,0.868
99,1000,0.05,1.278022557514849e-06,1.0,0.001,0.862
297,1000,0.05,4.06919116021708e-07,1.0,0.001,0.865
891,1000,0.05,6.904797179723314e-07,1.0,0.001,0.868
11,10,0.01,17.621819517171545,0.7803163444639719,0.001,0.753
33,10,0.01,24.147824019047917,0.8201523140011716,0.001,0.754
99,10,0.01,16.857885095324658,0.7855887521968365,0.001,0.768
297,10,0.01,9.045536263351224,0.8529584065612185,0.001,0.823
891,10,0.01,7.429465788910801,0.8424135910954892,0.001,0.805
11,20,0.01,1.8844062046014918,0.9461042765084944,0.001,0.87
33,20,0.01,2.0373102130468466,0.9443468072642062,0.001,0.869
99,20,0.01,2.107147150895312,0.942589338019918,0.001,0.867
297,20,0.01,2.1129378574643445,0.945518453427065,0.001,0.873
891,20,0.01,1.878869329973655,0.9484475688342121,0.001,0.869
11,1000,0.01,9.940653912217913e-05,1.0,0.001,0.869
33,1000,0.01,9.716608791851132e-05,1.0,0.001,0.868
99,1000,0.01,0.00010184935413648264,1.0,0.001,0.864
297,1000,0.01,0.00010116524308119143,1.0,0.001,0.867
891,1000,0.01,9.787403761871753e-05,1.0,0.001,0.864
11,10,0.001,1.2412333419091255,0.8318687756297598,0.001,0.807
33,10,0.001,1.6069433584312074,0.8125366139425894,0.001,0.751
99,10,0.001,4.639726648414537,0.8078500292911541,0.001,0.748
297,10,0.001,1.6814585010750362,0.8347978910369068,0.001,0.819
891,10,0.001,2.1817177919329023,0.7275922671353251,0.001,0.739
11,20,0.001,0.20992879956511837,0.9519625073227885,0.001,0.877
33,20,0.001,0.22414559508920115,0.9490333919156415,0.001,0.873
99,20,0.001,0.22177306399629929,0.9507908611599297,0.001,0.881
297,20,0.001,0.24033754491410705,0.945518453427065,0.001,0.878
891,20,0.001,0.322316692246291,0.9343878148799063,0.001,0.864
11,1000,0.001,0.005374980062352725,1.0,0.001,0.886
33,1000,0.001,0.005304737959736482,1.0,0.001,0.887
99,1000,0.001,0.005308544702135621,1.0,0.001,0.887
297,1000,0.001,0.005290694959066908,1.0,0.001,0.885
891,1000,0.001,0.005027839577288593,1.0,0.001,0.889
